"Sl No","Stock","Market Cap","LTP","Industry","Qtr Chg %","Nifty50 Quarter Chg %","Latest Financial Result","PE TTM","PBV Adjusted","Revenue QoQ Growth %","Net Profit QoQ Growth %","NSE Code","BSE Code","ISIN"
"1","Biocon","63069.16","387","Biotechnology","-8.55","-3.19","2026-06-30","127.34","1.85","-4","12.07","BIOCON","532523","INE376G01013"
"2","BlackBuck","10805.96","592.95","Transport Related Services","6.45","-3.19","2026-06-30","64.01","7.38","10.1","-35.85","BLACKBUCK","544288","INE0UIZ01018"
"3","Cyient DLM","7245.32","912.7","Electronic Components","94.32","-3.19","2026-06-30","88.25","7.05","1.28","-27.43","CYIENTDLM","543933","INE055S01018"
"4","Mrs. Bectors Food","6621.17","215.68","Packaged Foods","16.5","-3.19","2026-06-30","44.51","5.06","12.94","9.48","BECTORFOOD","543253","INE495P01020"
"5","Arvind Fashions","5539.79","414.25","Other Apparels & Accessories","-11.47","-3.19","2026-06-30","46.33","5.7","-6.32","-79.63","ARVINDFASN","542484","INE955V01021"
"6","Afcom Holdings","3768.14","1445.5","Warehousing & Logistics","21.22","-3.19","2026-06-30","30.91","7.6","-7.48","-12.13","","544224","INE0OXY01013"
"7","Websol Energy ","3215.85","74.07","Other Electrical Equipment/Products","-27.86","-3.19","2026-06-30","10.25","4.54","-7.19","-37.52","WEBELSOLAR","517498","INE855C01023"
"8","Nilkamal","2810.95","1883.7","Plastic Products","46.43","-3.19","2026-06-30","22.55","1.76","-15.07","-41.43","NILKAMAL","523385","INE310A01015"
"9","Zaggle Prepaid Ocean","2396.32","178.22","IT Software Products","-14.93","-3.19","2026-06-30","18.5","1.69","-31.5","-56.82","ZAGGLE","543985","INE07K301024"
"10","Asian Energy ","2307.32","474.65","Oil Equipment & Services","26.79","-3.19","2026-06-30","40.08","4.53","-19.82","-62.57","ASIANENE","530355","INE276G01015"
"11","TTK Healthcare","1477.18","1045.4","Diversified","13.56","-3.19","2026-06-30","19.97","1.3","18.15","-2.22","TTKHLTCARE","507747","INE910C01018"
"12","Eimco Elecon","1329.27","2304.4","Industrial Machinery","32.67","-3.19","2026-06-30","33.56","2.75","15.91","141.64","EIMCOELECO","523708","INE158B01016"
"13","Indo Smc","1131.57","495.1","Other Electrical Equipment/Products","33.49","-3.19","2026-03-31","34.94","7.34","","","","544681","INE0WKY01013"
"14","Exato Technologies","675.44","671.05","IT Consulting & Software","79.93","-3.19","2026-06-30","41.98","7.19","-28.48","33.14","","544626","INE1E4401010"
"15","BaiKakaji Polymers","622.87","291","Plastic Products","45.61","-3.19","2026-03-31","23.09","3.54","","","","544670","INE1IJQ01026"
"16","Dhabriya Polywood","525.73","485.7","Plastic Products","21.78","-3.19","2026-06-30","16.2","3.8","-2.04","6.41","","538715","INE260R01016"
"17","R K Swamy","462.98","91.72","Advertising & Media","-4.17","-3.19","2026-06-30","20.4","1.73","-17.11","-78.27","RKSWAMY","544136","INE0NQ801033"
"18","Iware Supplychain Services","420.01","391.95","Warehousing & Logistics","7.24","-3.19","2026-03-31","27.89","7.54","","","IWARE","","INE1AII01014"
"19","Apollo Sindoori Hotels","316.49","1217.1","Hotels","-5","-3.19","2026-06-30","38.08","1.99","-2.45","-35.13","APOLSINHOT","","INE451F01024"
"20","Sundaram Brake Lining","272.88","693.55","Auto Parts & Equipment","-17.62","-3.19","2026-06-30","76.19","2.66","0.6","-93.54","SUNDRMBRAK","590072","INE073D01013"
"21","TechEra Engineering","251.7","152.35","Aerospace & Defence","-16.93","-3.19","2026-03-31","90.92","4.79","","","TECHERA","","INE0JQS01019"
"22","Savera Industries","194.66","163.2","Hotels","3.23","-3.19","2026-06-30","17.88","1.93","4.39","443.24","","512634","INE104E01014"
"23","AeonX Digital","50.14","109","Consulting Services","-1.8","-3.19","2026-06-30","-34.4","0.98","-24.93","56.36","","524594","INE994D01010"